Date,JAN,FEB,MAR,APR,MAY,JUN,JUL,AUG,SEP,OCT,NOV,DEC
1850,15.039592900000002,15.68451117,15.961727710000002,15.60407424,15.34808854,13.545229539999998,11.514576069999999,9.03384864,8.797768049999998,10.05074892,12.287305949999997,13.602505525
1851,15.00901528,16.03110495,16.07311474,15.600468639999999,14.737387799999999,13.088204139999998,12.2249494,9.97834133,9.085282209999999,9.669408019999999,11.496645569999998,13.679310875000002
1852,15.295416199999998,16.16306711,16.473205420000003,15.02995082,15.315560900000001,13.898082579999999,11.59836453,10.18945382,9.058715529999999,9.039719080000001,11.279316109999998,13.421581445000001
1853,15.090364489999999,16.011890819999998,15.903422110000001,15.84810453,15.725106700000001,13.950775839999999,12.3287285,10.5509132,9.12264261,9.979299739999998,11.299899009999999,13.541542615000001
1854,15.090364489999999,16.011890819999998,15.939844220000001,15.870488419999997,15.183906879999999,13.954946589999999,12.37127587,10.30010927,8.39497194,8.31990621,11.09393716,13.369753965000001
1855,15.090364489999999,16.011890819999998,15.698314150000002,15.7906668,15.520567080000001,13.800106139999999,12.39599443,10.043618429999999,8.739409199999999,9.37817979,11.290034999999998,13.750928145000001
1856,15.090364489999999,16.011890819999998,15.646365320000001,15.700864540000001,15.44687884,13.982622289999998,12.694144479999999,9.89154377,8.633626139999999,9.766394170000002,11.719480729999999,13.578815525
1857,15.004418099999999,16.13662024,15.714803280000002,15.867259179999998,15.00986757,12.988122229999998,12.56007556,8.4976375,8.26494245,8.319399309999998,11.552005609999998,13.541111675
1858,15.004418099999999,16.13662024,15.741077330000003,15.856617589999999,15.619286680000002,13.922931549999998,11.92096157,8.32128101,8.24180416,8.342841499999999,11.552005609999998,13.541111675
1859,15.12947488,15.955715269999999,15.970236320000001,15.89556705,15.5618824,13.978641179999999,11.62057426,9.40267269,8.745422499999998,9.883199479999998,11.293041759999998,13.911284725000002
1860,15.300909910000001,16.125695299999997,15.96428479,15.868293699999999,15.62628282,14.199745909999999,11.13299967,8.55542978,8.34397734,9.903518729999998,11.293041759999998,13.911284725000002
1861,15.12947488,15.955715269999999,15.93048675,15.874593179999998,15.4128185,14.12416126,12.384719539999999,8.39956973,8.738929409999999,10.11088419,11.270630719999998,13.833190705000002
1862,15.12947488,15.955715269999999,15.928110880000002,15.834979959999998,15.594498560000002,13.48229199,11.88284457,8.62865867,9.08678376,10.12595009,11.270630719999998,13.833190705000002
1863,15.300909910000001,16.125695299999997,15.8646432,15.939910300000001,14.90653376,13.972576409999999,11.07715203,9.341116609999998,8.40447071,9.97576927,11.293041759999998,13.911284725000002
1864,15.300909910000001,16.125695299999997,16.68673862,15.799073579999998,14.92258727,14.00243469,11.512532989999999,10.10062286,8.720087569999999,9.907135489999998,11.293041759999998,13.911284725000002
1865,15.17824513,16.14794816,15.95336816,15.905598339999997,15.055019869999999,13.819749459999999,11.83322941,10.0864507,9.113671899999998,9.79894886,11.496645569999998,13.679310875000002
1866,15.300909910000001,16.125695299999997,15.85368329,15.836560809999998,14.449046990000001,13.26690968,11.1583648,10.39702697,9.09086777,9.739564909999999,11.496645569999998,13.679310875000002
1867,15.090364489999999,16.011890819999998,15.794730959999999,16.00199892,14.60532884,14.14303835,11.372753159999998,9.91548349,8.900689819999998,9.81471388,11.858151619999997,14.160460415000001
1868,15.112126799999999,16.19845126,16.44441832,15.85879782,14.50661577,14.139943719999998,11.959358139999999,10.02186988,9.09898619,10.081771059999998,11.270630719999998,13.833190705000002
1869,15.559273349999998,16.361246979999997,16.639609030000003,15.92538716,15.008561060000002,13.755529619999999,11.8993142,9.146217870000001,8.19040886,9.850640949999999,11.293041759999998,13.585332255
1870,15.194848480000001,15.64999172,15.737306910000001,15.64384038,14.766523549999999,13.167349739999999,11.87421798,10.24677432,8.959093489999999,9.08804817,11.457427759999998,13.585332255
1871,15.20139086,15.62350924,15.63741805,16.16931949,15.1059592,13.452593959999998,11.97663584,9.84510404,8.818955999999998,9.92667888,11.293041759999998,13.585332255
1872,15.129307320000002,15.4923094,15.3384764,15.25347566,15.03982946,13.067274,11.126787729999998,10.42178198,9.11158801,9.88237509,11.293041759999998,13.485563775000001
1873,15.129244539999998,15.36374449,15.283655620000001,15.48012807,15.32725826,14.14675265,12.51678101,8.76188404,9.18095852,8.889281049999997,11.516035919999998,13.334715645000001
1874,14.87679842,15.53886837,15.51364054,15.7997029,14.827607980000002,14.100045059999998,11.705161319999998,8.95279792,9.06452859,9.734131469999998,11.943738219999997,13.585332255
1875,15.196427759999999,15.634064289999998,15.849525710000002,15.564552939999999,14.92123095,13.924545889999997,12.207076319999999,10.59720243,8.225910469999999,9.90818866,11.336411659999998,13.736355895
1876,15.278272430000001,15.719644039999999,15.826755210000002,15.911737979999998,15.39957076,13.97527891,11.67884293,8.579796040000002,9.151900959999999,9.61905952,11.466849479999999,13.334715645000001
1877,14.75379971,15.38098115,15.46413034,15.08308574,15.42843845,14.145127269999998,11.1513511,9.31587409,9.089777699999999,9.629428649999998,11.617768749999998,13.585332255
1878,15.13100334,15.96246056,16.21084326,15.815332909999999,15.33937768,13.14700508,11.89706597,8.74204574,9.03764951,9.488281439999998,11.675036169999998,13.619606445
1879,14.728008070000001,15.264922869999998,15.492750430000001,15.41917425,15.3668646,14.0758694,11.434086319999999,10.505422130000001,8.125501559999998,9.840854329999999,11.293041759999998,13.334715645000001
1880,14.633679149999999,15.52745509,15.64550633,15.771103759999999,15.06872512,13.878712449999998,12.791265600000001,10.39534161,8.91805903,9.879721,11.412456369999997,13.585332255
1881,14.94997536,15.35946701,16.08334947,15.636575960000002,16.04402736,14.443295299999997,12.87971743,8.30759908,8.97123261,9.88244637,11.293041759999998,13.485563775000001
1882,15.317755379999998,15.76177658,15.924611899999999,15.864875780000002,15.55441962,13.390391619999999,11.38711144,10.78217076,8.341632829999998,10.06078484,11.412456369999997,13.745029785000002
1883,15.14070444,16.15870438,15.82091102,15.76739367,15.13091576,13.83144853,12.335071059999999,8.3641427,8.80056129,10.022577309999999,11.179048089999998,13.585332255
1884,15.16863793,15.616274609999998,15.80729136,15.53470687,15.14824151,13.725593969999998,12.23424721,10.562213620000001,8.793341289999999,10.045999049999999,11.990826869999998,13.485563775000001
1885,15.263023480000001,15.589371199999999,15.873864650000002,15.607682319999999,14.94373631,13.6669276,12.495454500000001,10.44420388,8.93698113,10.068480729999997,12.017452029999998,13.485563775000001
1886,15.23075494,16.110821639999998,16.10928401,15.5885514,14.897907060000001,13.146102029999998,12.039405,8.61038898,8.880950129999999,9.86857162,11.293041759999998,13.585332255
1887,15.264587160000001,15.60574051,15.863557409999999,15.773387490000001,14.435787939999999,13.711605309999998,12.13073138,10.276479870000001,9.061116329999999,9.907860879999998,11.635184909999998,13.485563775000001
1888,15.12165478,15.41724393,15.758510399999999,15.55285202,15.19630526,13.9484149,11.67288728,10.41637218,9.03685874,9.816285449999999,11.293041759999998,13.187488255
1889,15.124873269999998,15.487369789999999,15.62806291,15.80629389,14.201354890000001,13.63061885,12.1397897,10.34713019,8.865994059999998,9.826539229999998,11.824715119999997,13.485563775000001
1890,15.375873379999998,15.752746589999997,15.955453760000001,15.968378130000001,15.31747101,13.99157865,12.22578523,9.81804266,8.93282202,9.998930899999998,11.293041759999998,13.602532265
1891,14.771530900000002,15.357879409999999,15.96268294,16.450139439999997,15.52884839,13.928594709999999,11.073168299999999,8.83226343,8.92376214,9.93406593,11.990826869999998,13.585332255
1892,15.16346519,15.65918507,15.37380299,16.00766382,15.21221076,13.10182375,11.56353873,8.88286123,9.02025896,9.88981403,11.293041759999998,13.745029785000002
1893,15.10533319,16.19567725,15.524044500000002,15.819560849999998,15.1524232,13.818395919999999,12.77144758,10.04869638,9.00896086,9.869313349999999,11.943738219999997,13.745029785000002
1894,15.115985389999999,15.612163139999996,15.80816879,16.44973491,14.7633779,12.931620189999999,11.38747243,10.51195809,8.41842461,9.711095499999999,11.279316109999998,13.421581445000001
1895,15.575159359999997,15.762724709999997,15.47337362,16.21550684,14.89701778,13.788285549999998,11.91307754,8.77630474,8.95937652,10.187446379999997,11.990826869999998,14.004944885000002
1896,15.137356270000002,15.454757949999998,15.94906323,15.3851353,14.706493420000001,13.215888859999998,11.257241969999999,10.26947808,8.56293918,9.867482889999998,11.706019219999996,13.485563775000001
1897,15.37515213,15.650752749999999,15.469993850000002,15.05929692,14.15223594,13.16382099,11.46518527,10.268403280000001,8.437199479999999,9.945731799999997,11.293041759999998,13.485563775000001
1898,15.312983289999998,16.006454629999997,15.499300510000001,15.03444072,14.15725677,12.84459657,10.87812956,9.59944593,8.17662743,9.61570355,11.415586179999998,13.341961715000002
1899,15.02870424,15.706906109999998,15.422456100000002,15.10622598,14.62759291,13.255247409999999,11.22994891,8.59185946,8.61125306,8.962976389999998,11.552005609999998,13.758027635000001
1900,14.69636058,15.784882629999998,15.223746840000002,15.46457303,14.556592810000001,12.95968177,11.3772302,10.049829390000001,8.36234096,9.526928979999997,11.674379849999998,13.485563775000001
1901,15.575159359999997,15.777500969999998,15.42844689,16.231624439999997,14.78657001,13.22140657,11.759430559999998,10.334836200000002,8.5313498,10.01626812,11.293041759999998,13.705241975000002
1902,15.073903260000002,15.48187326,16.31466553,15.385967749999999,14.3509888,13.26349024,11.742143489999998,9.885060450000001,8.363602369999999,9.852097219999997,11.731857179999999,13.963360575000001
1903,15.431087699999999,15.593026899999998,15.51913566,15.25846024,14.15952677,13.032199199999999,11.56972641,9.61183683,8.579287149999999,9.888949189999998,11.279316109999998,13.485563775000001
1904,15.210469199999999,15.663373449999998,15.686489100000003,14.74736566,14.18540104,12.859704199999998,11.180013,9.41044709,8.46036494,9.980033029999998,11.293041759999998,13.678613165000002
1905,15.219937730000002,15.628806,15.582208649999998,15.088677099999998,14.226518570000001,12.827142279999999,11.64081764,9.350902470000001,8.04743304,10.059117239999999,11.293041759999998,13.485563775000001
1906,15.188717830000002,16.12656818,15.615035080000002,15.209447319999999,14.50581999,13.283068259999999,11.95043398,9.31522208,8.41439379,9.98799244,11.617768749999998,13.585332255
1907,15.07638776,15.339708619999998,15.97202407,15.4000263,13.9940188,12.902206559999998,11.67690436,9.92045185,8.927368329999998,9.98526519,11.412456369999997,13.752336225000002
1908,15.341460340000001,15.549321549999998,15.59107216,15.386120589999999,14.272462990000001,12.922466719999997,11.489472469999999,9.572349800000001,8.12222517,9.8899306,11.930720199999998,13.784001735
1909,15.342340060000002,16.22658131,15.78395578,15.554813979999999,14.40628254,13.392608049999998,11.90929429,9.96093053,8.21176595,10.197145160000002,11.990826869999998,13.820530575000001
1910,15.199475840000002,15.64256365,15.68505146,15.08824417,14.58304983,13.780080689999998,12.165636739999998,10.21040101,8.787617489999999,10.12902377,11.270630719999998,13.485563775000001
1911,15.28800514,15.608034289999999,15.810299610000001,15.50959797,14.533651820000001,13.574090589999999,12.01690356,10.20332341,8.88804171,10.043787479999999,11.270630719999998,13.485563775000001
1912,15.240597949999998,15.67003236,15.73959077,15.625563629999998,14.60158152,13.67525833,12.224640229999999,10.35971998,8.93479185,10.08878403,12.268114719999998,13.485563775000001
1913,15.208307340000001,15.433160449999999,15.87616423,15.960387560000001,14.43908425,13.282015639999997,12.54907804,10.925712579999999,7.77942927,9.994438500000001,12.268114719999998,13.585332255
1914,15.128885100000002,16.02421967,15.87539653,15.150898009999999,14.54251854,13.50691516,12.20031135,10.21429604,8.897068229999999,9.807374889999998,12.098217479999999,13.341961715000002
1915,15.128558510000001,15.43369546,15.1776294,14.99630664,14.07739199,13.368923769999999,11.972941989999999,10.23946174,8.14872987,9.426100129999998,11.258626029999999,13.485563775000001
1916,15.24227938,15.703327999999999,15.164913020000002,15.04104255,14.7301906,13.70323719,12.59986583,10.90374959,9.251468209999999,9.228176340000001,11.25913724,13.485563775000001
1917,15.117938680000002,16.07142159,16.39322414,15.384671659999999,15.06861615,13.886475959999999,12.53227486,10.87123441,8.8085519,8.78303927,11.415586179999998,13.485563775000001
1918,15.09452512,16.027399879999997,15.772524390000001,15.7776879,15.05572942,13.759746109999998,12.52228472,11.05312995,8.7723883,8.742111139999999,11.415586179999998,13.678613165000002
1919,15.408724190000001,15.549676139999999,15.67872943,15.502886499999999,14.61047454,13.552134289999998,11.892447319999999,10.30770253,7.902326519999999,7.87552656,11.185174699999997,13.585332255
1920,15.16874571,16.06462115,15.573311620000002,14.88331343,13.98677952,12.936830129999999,12.10314064,10.408759380000001,8.43583301,9.546528239999997,11.538053049999997,13.914583895000002
1921,15.145502220000001,16.0458849,15.741190120000002,15.05295052,14.732899119999999,13.665563979999998,12.15774835,9.89927292,8.57714844,9.37897623,11.416697509999999,13.485563775000001
1922,15.22392111,15.467086129999998,16.351639010000003,15.33424047,14.26108241,13.125665029999999,11.669901569999999,9.63193699,8.40529154,9.299887069999997,11.416697509999999,13.485563775000001
1923,15.201146860000001,16.139693389999998,15.637245360000001,15.37230999,14.26280318,13.5814799,12.05918186,9.47091032,8.54875244,9.26265411,11.585004269999997,13.784001735
1924,15.287845660000002,16.03857626,15.42281344,15.025470259999999,14.38697428,13.243152349999999,11.6393752,9.23985438,8.09653191,9.712060959999999,11.416697509999999,13.485563775000001
1925,15.33129773,15.76793323,15.544488440000002,14.611124989999999,13.780439820000002,12.844128559999998,11.210431739999999,9.55980009,8.57714844,9.37897623,11.353703209999997,13.705241975000002
1926,15.073903260000002,15.52562451,16.0409382,15.12602654,14.28049004,13.161499299999997,12.27009794,10.09486496,8.57714844,9.37897623,11.278222099999997,13.109746805000002
1927,14.981345000000001,15.774306249999999,15.2138374,15.27718821,14.51359368,13.55290258,12.586380649999999,9.88399283,8.57714844,9.37897623,11.237430109999998,13.585332255
1928,15.095519670000002,15.902632149999999,15.44762806,15.090480249999999,14.37081619,13.22015383,11.77732013,9.893777519999999,8.49924461,9.647821910000001,11.405435709999997,13.499611855
1929,14.515781780000001,15.704485299999998,15.728902090000002,15.743008269999997,14.77553177,13.545127579999999,11.95301251,10.18798109,8.423347979999999,9.656602399999997,11.834838679999999,13.866765295000002
1930,14.16077049,15.839845439999998,16.43848964,14.8486266,13.89829447,12.757493689999999,11.29043963,9.43650536,8.16909176,9.04606995,11.312317139999998,13.346062755
1931,14.94148409,15.524580489999998,15.23429196,14.80111329,13.74767173,12.857221999999998,11.216403889999999,9.61562698,8.57714844,9.37897623,11.439016009999998,13.831135505
1932,15.33118695,15.856462650000001,15.45547457,15.553866749999997,14.36341905,13.402719459999998,11.387448209999999,9.85352266,8.257656859999999,9.601865539999999,11.237430109999998,13.585332255
1933,15.010860619999999,15.40237448,15.3903544,15.099089280000001,14.193206420000001,13.02866744,11.83032248,9.31849649,8.097828329999999,8.25186067,11.415586179999998,13.579943085
1934,15.12129913,15.243752339999999,15.336132260000001,15.23257393,14.83491797,14.4354135,13.00643659,9.72182973,6.9784413999999995,9.588117049999997,12.054331959999997,13.486856405000001
1935,15.13046606,15.537699799999999,14.885434120000001,15.31517205,14.8951438,13.918583259999998,12.45025982,8.77419148,6.95831208,9.321210049999998,11.058121769999998,13.559638585
1936,15.13300971,16.040581869999997,15.976255640000002,15.48529113,14.443615150000001,13.84874374,11.688972080000001,8.77184942,7.942711879999999,9.248649359999998,11.332388899999998,13.379047945
1937,15.09410184,15.86136265,15.650213580000003,15.61324583,14.219441219999998,13.748215089999999,11.13249669,8.22496185,6.9367718599999995,9.45225983,10.980220459999998,13.784001735
1938,15.06557025,15.657535619999997,16.13168807,14.9037151,14.498414980000002,13.559897959999999,11.03917101,8.22188001,7.81400567,9.86646756,11.741756759999998,13.534600385000001
1939,15.26252144,16.03635242,15.36160397,15.034782189999998,14.42536141,13.633168119999999,11.467082139999999,8.84527698,8.24456984,9.558204159999999,11.850615969999998,13.997730735000001
1940,15.579952729999999,16.19686923,15.34418898,14.28894538,14.14605107,11.983319979999997,10.41667878,7.797751760000001,7.965574499999999,9.36048426,11.65281673,13.517054965000002
1941,15.051336379999999,15.4105879,15.94063855,15.54852658,14.39215621,12.82481067,10.383036899999999,7.720735770000001,7.46453266,9.403653389999999,11.574079619999997,13.577516635000002
1942,15.165778620000001,15.918276559999999,15.143961670000001,15.835512470000001,14.52228455,13.045651939999999,9.885205159999998,9.08877831,7.213472179999999,9.44718185,11.930720199999998,13.334715645000001
1943,15.08063275,15.51588787,15.586493140000002,15.494561749999999,13.97098624,12.62219642,9.75737289,7.1741407200000005,6.84743124,8.777815319999998,11.496645569999998,13.585332255
1944,15.144936049999998,15.592899969999998,16.09833491,15.39501733,13.56464593,12.26790468,10.06640247,7.32363841,7.20673655,9.539492469999999,11.118316959999998,13.549714155000002
1945,15.073903260000002,15.3344551,16.19475981,15.83017971,13.164336519999999,12.092439719999998,8.97816601,6.97576526,7.089596509999999,8.185182989999998,11.279316109999998,13.334715645000001
1946,14.962769000000002,15.547178559999999,15.59632864,15.15567995,15.35844812,13.836606259999998,12.16459842,9.261636900000001,7.653346619999999,9.276865009999998,11.511961289999997,14.089688625000003
1947,15.043141719999998,15.163209019999998,15.115996540000001,15.308277499999999,14.62188723,13.15613615,11.38714092,8.721027280000001,7.202881909999999,9.374383439999999,10.564000219999997,13.987491695000001
1948,15.130411070000001,15.157868879999999,16.20131157,15.32890403,15.36478677,13.721750179999999,11.87860592,9.44124443,7.768018759999999,8.79222493,11.602179279999998,14.068642955000001
1949,15.12856447,15.34378795,15.994420340000001,15.620560269999999,14.8646202,14.569372849999999,12.53897402,10.14768008,8.080912119999999,9.66695145,11.842267859999998,14.003484965000002
1950,15.06245839,15.030958859999998,15.19276421,15.85200326,14.58733444,13.842278979999998,12.52380064,9.36763608,7.588302329999999,9.36039941,11.78504898,14.048326855000001
1951,15.00808605,15.96749779,15.801545750000002,15.049965499999999,15.02103514,13.807552559999998,12.15670864,9.70768638,7.598662579999999,9.404055580000001,11.399980629999998,13.885066035000001
1952,14.744425160000002,15.4446175,15.822711479999999,15.49643387,15.47048458,14.01140684,12.020486629999999,9.12773331,6.2972847299999986,8.48380079,11.770752839999998,14.060222015
1953,15.076194789999999,15.505270979999999,16.16665621,15.994571539999999,15.24804912,13.690021259999998,11.56297561,8.454589120000001,7.375625019999999,9.38614442,11.464597709999998,13.576693855
1954,15.37985025,15.318525079999999,16.733508280000002,16.39608001,14.95023286,12.910988619999998,11.335002719999999,8.80202964,8.00850406,9.596172469999999,11.43994757,13.622299755
1955,14.81288601,15.11428482,16.07309765,16.42072074,15.48651495,13.783673349999999,11.58857852,8.66316149,7.402430309999999,9.477140729999999,11.814540899999999,13.737752865000001
1956,14.807176519999999,16.31359236,16.58154335,16.46552699,15.40982367,13.887310889999998,11.762585979999999,9.20418224,7.992789009999999,10.016637759999998,12.447056179999999,14.110696515
1957,15.646413789999997,15.73588149,15.897103210000001,15.599455379999998,14.45721544,12.980581849999998,11.35405718,9.31090831,7.9501544299999996,9.977319770000001,12.087098599999997,13.937910155
1958,15.730827379999997,16.37631367,15.61934338,15.707041910000001,14.30978905,13.608098689999998,11.173082430000001,9.05717409,8.198953229999999,10.21984806,12.089233999999998,13.726533535000002
1959,15.46468526,15.727726779999998,16.21203259,16.369806399999998,14.647048980000001,13.606469019999999,11.72297871,8.69534224,7.267301829999999,9.3376688,11.547915699999997,13.842530245
1960,14.782263270000001,15.70453569,15.492884200000002,15.227607710000001,14.14575098,12.927363809999997,11.32850021,8.048311960000001,7.24226378,9.594502809999998,11.906539719999998,13.505987935
1961,15.107317129999998,15.403801529999999,15.76433948,15.86081797,14.72502137,12.917433599999999,11.13661072,8.80217289,7.182499289999999,9.79537878,11.773044389999997,13.561369695
1962,14.397365150000002,14.92586191,15.60468677,15.746857849999998,14.30122212,13.52740482,11.779941149999999,9.398836359999999,8.55036599,10.096393419999998,12.041171309999998,14.017677285000001
1963,15.016106749999999,16.84180523,16.08215569,16.42018504,15.11926611,13.758937949999998,12.002624670000001,10.197275099999999,9.236527149999999,9.8818376,12.011401299999998,14.021638335
1964,15.180671740000001,15.57666348,15.90440281,16.0282872,14.71513142,13.74219144,11.939855170000001,9.349074980000001,8.53782835,10.115066639999998,11.720937429999998,13.961357595
1965,14.793552909999999,15.980744560000002,15.635172220000001,15.09419599,14.36730879,13.069728869999999,11.66473585,9.085796,8.389485879999999,10.260064530000001,12.834393959999998,14.004485185
1966,14.918265340000001,16.367063839999997,16.70522447,16.25215841,14.78095213,13.43270033,11.82580501,9.334417329999999,8.22909719,9.971974410000001,12.24091766,13.805092675000001
1967,14.607441569999999,15.27513656,16.29471332,15.45149816,14.44458302,12.50330674,11.292852069999999,8.50335454,8.42932143,10.003493289999998,12.639697719999997,13.764539865
1968,15.272472310000001,15.437608259999998,16.2743377,15.615217309999998,14.92458045,13.944907259999999,11.49770478,8.60141364,7.302799869999999,9.882291330000001,12.415320359999997,14.408912865
1969,15.03712673,15.48599698,16.999422810000002,16.04190973,15.31819062,13.897167449999998,11.80809827,9.96505097,8.66420421,9.59895074,12.193902299999998,13.780217895000002
1970,14.786071279999998,15.72912776,15.778702970000001,15.654564539999999,14.44779169,13.41420657,11.97101528,8.967708759999999,8.36735735,9.89342649,12.834611319999999,13.508603735000001
1971,14.79284809,15.52065537,15.904072720000002,16.2548031,15.044827320000001,13.824837799999997,11.59216882,7.74967816,7.672507999999999,9.682362789999999,12.082675519999999,14.175563915000001
1972,15.180028959999998,15.651687459999998,15.9587161,15.609964640000001,14.77325025,13.244052949999999,11.698849000000001,9.32170104,8.13328215,9.543330699999999,12.352338079999999,13.830385325000002
1973,14.776089810000002,15.13362924,15.588840040000001,15.376892589999999,14.51183021,12.676665259999998,10.913871559999999,8.691264030000001,7.912147789999999,9.481640319999997,11.955887229999998,13.560049685000001
1974,14.815586119999999,15.03153111,15.19153571,15.167957979999999,14.28561154,12.56391676,11.11303564,8.04337484,7.388195509999999,9.57301613,12.340147459999997,13.668503575
1975,14.66014246,15.37261624,15.68705122,15.38007463,14.18997928,12.902917089999999,11.00266918,8.21887899,7.75861591,9.730448039999999,12.156566769999998,13.873805595
1976,15.086711860000001,15.590598489999998,15.701148889999999,15.41546372,14.82573266,12.888361289999999,11.017498159999999,8.29007396,7.460007989999999,9.958020269999999,12.686448559999997,13.869115325000001
1977,14.845532259999999,15.328570289999998,15.72636382,15.41251479,14.87026514,13.374258949999998,10.648990809999999,7.806748110000001,7.336341099999999,9.86974669,12.029557219999997,13.676855395
1978,14.818604520000001,15.148277209999998,15.342896640000001,15.194229689999998,14.470512410000001,13.166259799999999,11.56478636,8.68920466,8.098744729999998,10.00799988,11.448937919999999,13.818901745000002
1979,15.570295139999999,16.3579898135,16.434937818999998,15.54211601775,13.82530812225,12.431607611749998,10.201511166000001,8.277021516249999,6.9580538252499995,8.456438885999999,11.20416912575,13.314589021794871
1980,15.028684914615384,16.0389524405,16.090547896,15.510493356,14.04764009,12.230731129999999,10.4280718505,8.391856318,7.876644546499999,9.125688067499999,11.142190171499996,13.71841727294872
1981,14.754597313846155,15.55499336125,15.676968024000002,14.99447434675,14.079483165,12.47977026325,10.629825981499998,8.004522141250002,7.406089891749999,8.9277416495,11.016248173749998,13.606318195384617
1982,15.249762810256412,15.880584815,15.98842995,15.615532128999998,14.255383658,12.719188703,10.736608634,8.434540218,7.279155219,9.529414162000002,11.912299612999998,13.732758046794872
1983,15.073862845128206,15.938197894999998,16.27851206875,15.422609764999999,13.714213899999999,12.25587795125,10.873297959999999,8.135410370000002,7.616684487499999,9.373712837500001,11.451117889999997,13.324645306410257
1984,14.462509325384616,15.3817379885,15.8250301565,15.2707658925,13.876325001000001,12.1597441715,10.2482986055,8.292791931,6.9604095799999985,8.423894048,10.966571461,12.993576579615384
1985,14.726267946666669,15.52848247225,16.16936544775,15.505070736,14.11664283825,12.340069781249998,10.16662292325,7.406995606000001,6.9501631145,8.346870657499998,11.114422467749998,12.9811048
1986,14.899872164615388,15.861050455999997,16.083428088,15.353944583999999,13.468783431999999,11.980083639999998,10.437743216,7.959206136000001,7.546006543999999,9.421232392,11.586214495999997,13.268591136025641
1987,14.881712876923077,16.001005895,15.871254965749998,15.530973258,13.877561986749999,12.485999999999997,10.51506827775,7.6337046355,7.450496037749999,9.130581429,11.304270593999998,
1988,,15.547026189999997,16.002450967500003,15.232775145,13.5580359625,12.100875367499999,9.83589881,8.0087890025,7.6437144625,9.4173229125,11.375705444999998,13.686022565384617
1989,14.98449204076923,15.497248834,15.462073570500003,14.470693514,12.886704224750002,12.14529081525,10.228226088500001,7.977219955750001,7.250251391249999,8.85425849975,10.925365237249999,13.382978157307694
1990,14.783900523076923,15.597029731,16.028633122000002,14.708146018,13.245223014999999,11.585869469999999,9.267423004,6.872646459,6.329377519999999,8.70513278,11.126091928999998,13.231051736923078
1991,14.40042207923077,15.239089913249998,15.451887515749998,14.906714401,13.4906153265,12.098891698499997,9.460511002,7.40993552225,6.4650953315,8.680510863,10.80382904275,13.090351035000001
1992,14.577735533333334,15.543779236499999,15.477278535500002,14.7142443955,13.093218334499998,12.0172399475,10.401605592000001,7.7202336785,7.4342532345,9.343904672,11.3963875065,13.392569616666666
1993,14.991461423076924,15.57054298125,15.787279768749999,15.10142729375,13.25829180625,11.731003474999998,9.34282976875,7.141358024999999,6.343868825,8.8146512625,11.378746593749998,13.268504766025643
1994,14.754792196923077,15.608385322,15.543538970000002,14.799130586,13.608493642,11.95727737,10.009902922,7.576199547999999,7.171502385999999,8.917598125999998,11.0331923,13.212633843076924
1995,14.552073372307692,15.170283816749999,15.17830256825,14.31856064625,13.01841776625,11.348839643749999,8.987,6.59820849125,6.063405189499999,7.829,10.609236823,12.793038801153848
1996,14.044547735897435,15.1049234955,15.1036401925,14.184934746,13.004609143500002,11.935800905,10.1385832625,8.272738778,7.665349514499999,9.107902406000001,10.218694042,12.88141592948718
1997,14.373765899999999,15.47140084025,15.518328467749999,14.52026060575,13.158852807999999,11.715917150749998,9.344297285249999,7.285,6.74834566625,8.328517018500001,10.6157250835,12.994067797307691
1998,14.712888456410257,15.699371189999999,15.614137835000001,14.83032741,13.58198497,11.71026427,9.287687729999998,7.417521389999999,6.445079359999999,8.3453738,10.421278849999998,12.71371781794872
1999,14.455949575384615,15.253556912250001,15.304872317000001,15.0703551025,13.766361803999999,11.877084194,9.433286403,7.303102679249999,6.152940856000001,8.641574507749999,10.879484498999998,12.58191042628205
2000,14.159112613846155,15.031963857,15.189767317500001,14.473113205999999,13.1149721695,11.680419366999999,9.4642504155,7.1972756905,6.332716449,8.390154519,10.201757911000001,12.529755157692307
2001,14.147589694358974,15.26471411375,15.542937434999999,14.835986215,13.518111384249998,11.406630669749998,9.02432183725,7.44526824675,6.72706469175,8.1602978325,10.714862233249999,12.44671131448718
2002,14.239364127179488,15.355076235999999,15.428341152000002,14.279721752,12.977329412,11.552830812,9.313047759999998,6.597240696,5.76850868,8.166083988,10.328326756,12.59852401846154
2003,14.397234926923078,15.180506597499999,15.46942785125,14.51814398125,12.940005451249998,11.57046790875,9.24364171625,6.8840131425,6.1314400925,7.8573458812500006,10.011330641249998,12.613809751923078
2004,14.093079976923075,14.962972045499999,14.9449316685,13.913574298,12.499412341500001,11.402585028,9.407651493,6.860909414,6.02587638,7.914642856,10.353282320999998,12.55684509974359
2005,13.666636383333335,14.398784063499999,14.687000000000001,14.0728222875,12.915033224000002,11.20164036375,8.67777348175,6.246070008000001,5.523378924499999,7.27430359875,10.1276242515,12.260040511666668
2006,13.46561406153846,14.337653744999997,14.402540709,13.901065983999999,12.529821211,10.925529413999998,8.44267593,6.45872944,5.846530734,7.588659160999999,9.635508766999997,11.946291146153847
2007,13.697276587179488,14.511972990499999,14.492980647749999,13.853250715,12.790115973999999,11.228518328500002,7.907520982249999,5.31669474475,4.198917702749999,5.96568367825,9.7388629885,11.972032316538463
2008,13.867970943589745,14.893582849999998,15.165858575,14.35958895,12.974,11.219355610000001,8.6774387575,5.9325532075,4.6612722175,7.393702357499999,10.3181287925,12.335315983333334
2009,13.960286762307692,14.804380433500002,14.967963989000003,14.495999999999999,13.18497775175,11.3506661365,8.4912471095,6.15825635425,5.24921884125,6.9053024487500005,9.7882167625,12.192103823461537
2010,13.731322896410257,14.601752684,15.107049354,14.652472502000002,12.857036472,10.621545314000002,8.086226154,5.881653692,4.86187471,7.045638334,9.613999999999999,11.856127375384617
2011,13.464358037435897,14.354018910749998,14.56032418225,14.110840363749999,12.681811203749998,10.74444769875,7.69251915375,5.488968198999999,4.561880095999999,6.461951331999999,9.761333895249999,12.174254161666669
2012,13.725405073846154,14.570462210999999,15.208037943999999,14.627801274999998,13.0038819415,10.661377545,7.6525268545000005,4.721202155499999,3.5081459135000004,5.864892231,9.370068124,11.990369846923075
2013,13.707065173076922,14.722999999999999,15.024290945,14.28774515125,13.00119911,11.36485901,8.11902645125,5.98810290875,5.175387454999999,7.44003987875,9.92730216,12.188936540384617
2014,13.646464382564103,14.409870141,14.771855996,14.071002848,12.687541118999999,11.047095978,8.102062082,6.064172139999999,5.22,7.2198844,10.117138715,12.344745541025642
2015,13.601869292307693,14.4011821045,14.362912976999999,13.891466538,12.4645138965,10.877881008250002,8.38618454525,5.6204177845,4.612244074250001,6.9755981385000005,9.84931205625,12.048959819615385
2016,13.45941387948718,14.201526287999998,14.398685965,13.678726923499998,11.915658822,10.4138769215,7.927471612499999,5.375143456,4.523584657500001,6.0744759755,8.663534277999998,11.47005149
2017,13.186408644102563,14.122422523,14.288131960249999,13.749551948499999,12.629518526749997,10.755777382249999,7.93853280425,5.4733797614999995,4.816783233250001,6.764177757000001,9.49314878825,11.743944675
2018,13.077,13.967,14.298,13.696,12.232000000000001,10.777999999999999,8.267999999999999,5.615,4.785,6.1339999999999995,9.823,11.862
2019,13.567,14.394,14.574000000000002,13.434000000000001,12.186,10.594000000000001,7.5889999999999995,5.026,4.364,5.735,9.353,11.902999999999999
2020,13.649000000000001,14.685,14.777000000000001,13.731,12.36,10.577,7.279,5.085,3.925,5.285,8.985,11.765999999999998
2021,13.475999999999999,,,,,,,,,,,
